rmse;hl;T;RS;preds
6.13350050595821;10;12;15;12.670587445996704 13.529449961872638 15.394259421861761 21.96450893021335 30.03138261030496 37.10044158842032 40.720471339520145 38.63988778325311 31.293070242209247 22.116560155543908 14.862452503759188 11.933092923025699 12.52248302789733 13.423595130464255 15.342287191898732 21.832897498418497 29.810152817094142 36.98343099760669 40.70852442980491 38.77622350296987 31.245717330993045 22.014452149899704 14.978752274371088 12.192493018521974 12.741730895075607 13.572298311639537 15.59686275559849 22.28982899262238 30.189091539164217 37.21782210275772 40.76300039398276 38.64681372368018 31.220279688389404 21.963098259257453 14.856956304250687 12.030741932618147 12.631922337246039 13.509712381741336 15.482731897909805 22.06905552842995 29.954340636133296 36.96919569237023 40.7321752337818 38.92025471205005 31.561614469189454 22.05407851977787 14.810686161888775 12.113356386149022 12.734075233244864 13.63105067275749 15.77092797456963 22.387338099568286 30.064382083772543 37.06083141957239 40.76706145222927 38.816262999119125 31.32003685704167 21.955297800718952 14.909939073474861 12.193250416685638 12.7689452506621 13.609268387601471 15.698828664706642 22.31049728818875 30.018406260126635 37.07420401994864 40.77085249330514 38.81091530905448 31.199522118395986 21.755962012268505 14.74245079773773 12.19644066955682 12.810503593396238 13.636523920806487 15.714021180813043 22.29943772240055 30.025735201180897 37.195409327508244 40.78625157254709 38.78352611734999 31.3775457890888 22.04432414948828 14.924260109163002 12.155020710622638 12.717211985895089 13.558770451390169 15.678183151839043 22.333257541784704 30.096549229311613 37.1933639474406 40.77826176446767 38.807916768374454 31.345704689283288 22.059312802630842 15.080724933908506 12.335720251476555 12.86321162014928 13.668955683172788 15.79378762823653 22.543133281730587 30.271218611702075 37.27484567894062 40.79697395439345 38.74200287684804 31.233677265353936 21.974909822865904 15.080589925323183 12.488389309845703 13.028954234878181 13.81054728711618 16.03765836120602 22.904501353653977 30.58013850620899 37.54561889766451 40.82976078933915 38.48069105978359 31.007162561070647 21.894842981340073 15.001679432330647 12.360419397118479 12.903492106623334 13.700788007420254 15.887860935446696 22.74767875615737 30.501531107490504 37.52892373600346 40.814789687312675 38.52191998156954 30.966611382383018 21.853243123465948 15.017974968579137 12.34352104753652 12.864175581448485 13.628852732988433 15.787532680478513 22.693341808632223 30.54849249380927 37.59999225531751 40.81006168665466 38.473049573854304 30.809327730567528 21.62350610177246 14.81782474083773 12.224525830518646 12.799006937313054 13.576616561241094 15.696511917382498 22.601017706405646 30.500140519061674 37.568710766098164
6.1069995145378;25;12;15;12.94412969080557 14.494230763192055 15.87631905148743 21.29561868235278 30.83042552219596 37.7587421003696 41.5025274712058 37.80070546885971 30.79666527535008 22.351861556081488 14.59261826974622 11.663696791872104 12.645060022683824 14.18843834256415 15.609440155407183 20.97267223963446 30.350188508472154 37.58112750569032 41.70660914895181 38.023059208543344 30.705505453411185 22.171508143488193 14.730939965753088 11.925602646711976 12.897754241747105 14.465369977907548 15.89519122658681 21.39206780314317 30.88145269206173 37.87687731269897 41.736888874468065 37.83304542538799 30.7053663945683 22.076494585861614 14.450178811887 11.695075487272884 12.74509463397893 14.295289537332215 15.69473452935672 21.15957002464056 30.555855862052788 37.59863811920672 41.73339485227991 38.49753608097434 31.11649588867988 21.899407452849115 14.056962931919012 11.547845924806403 12.70881580197385 14.301026727165517 15.736451507178614 21.053496985606145 30.356991591086583 37.60098456841963 42.0103973671306 38.44941902116521 30.919340151360934 21.765546440501318 14.043380393192589 11.543876672397905 12.693128479402239 14.245615153491382 15.673314067209366 21.040276269888388 30.417688075833187 37.694877639168396 42.297628132405364 38.48256092869031 30.617392100200103 21.17315205708479 13.558019128612846 11.432734904788273 12.64429924930553 14.128916432509854 15.532897037958286 21.032229926963865 30.469424040771905 37.892735421131015 42.208406358708785 38.26885043863906 30.70820224990301 21.53403354962864 13.817299066468184 11.479612585784139 12.665497622330026 14.201189228404983 15.632946500197779 21.232962041708014 30.68191540329769 37.91239537132576 42.03625691156338 38.09771625605528 30.641951511956215 21.82517534485948 14.432689799744253 11.898814243212179 12.980924930649511 14.559553317114755 15.975725197817859 21.580434819079045 31.0218643209694 38.08035955232615 42.031458706441 37.96308839494285 30.449074196706164 21.64160788413184 14.486073544466837 12.108485276390565 13.199542982777256 14.778739080343783 16.205184439347043 21.922040292092667 31.386222790867514 38.37623896757671 41.8987263658665 37.642262093296296 30.288995867174485 21.65481425518741 14.437026275504829 12.011276394786272 13.093617946904505 14.664090464730384 16.081509824761874 21.915091906488286 31.38945219622844 38.40420194576882 41.9115575818156 37.55707167595746 30.16434514051743 21.69288380731607 14.59645926399866 12.090570987204051 13.110001238733457 14.664530592718538 16.101581551141848 22.078060769831726 31.605692747168646 38.53445282854508 41.90915172882515 37.434351572070526 29.93482244495314 21.40575277963371 14.363828670800237 11.979776191658699 13.018242653718652 14.520924660682127 15.955821557126608 22.102202836298463 31.56671036824247 38.48400552055327
5.905470021875618;40;12;15;12.731510070123726 13.948871683294753 15.50089527793624 20.50921898695582 29.92785870212218 37.00076069961875 41.324964179788935 37.2491143926639 30.852518327098224 20.761923669184462 14.10489502996625 11.081322408136785 12.525092743851623 13.607653009878081 15.214140417924735 20.433509547521293 29.68213025101864 36.816804751686846 40.91176770423607 37.56944791297403 30.68961899317622 20.488979174887117 14.163571111233498 11.281006856258827 12.721441129830334 13.867292745613307 15.52911882269802 20.7896324937147 30.176170542505876 37.07127703381883 41.32335892770945 37.32508642379688 30.641543786028542 20.382903941963193 13.91608754852076 11.136220949186693 12.611886388141173 13.701020897229936 15.340786571472865 20.64841958885314 29.950825687614408 36.873885031475574 41.112105593911075 37.86204256934368 31.089380764403597 20.201797350224528 13.55669199421912 11.034269215979998 12.568522980621266 13.63351187926793 15.43595344822415 20.8296706397781 29.96451218295153 36.87522566672783 40.90510233037867 37.87682600943655 30.77699992481193 19.98265647735012 13.534145560470172 11.091334644824341 12.604820038785364 13.615300571193705 15.399530157032773 20.856963637865544 30.075786934017707 36.93262051652036 41.218383002191516 37.81252277033304 30.40817874612596 19.467835326888498 13.05404558046047 11.116721659208485 12.609340801264906 13.528808671092353 15.370955589949153 21.019243619902376 30.2814785891437 37.048164914097384 41.3209557748907 37.59480927572696 30.491993425980358 19.813715846756374 13.379425721689968 11.103832389567696 12.588761442604117 13.55581443841452 15.386964232953831 20.99023702534572 30.325793807190134 37.051803395471836 41.301888512385524 37.51755061277585 30.44974856458985 20.066248393038734 13.893319700691881 11.324363513349468 12.802792578045512 13.928164066477905 15.668380178458737 21.041408991919248 30.44384193898197 37.20041949610959 41.64124339228181 37.3600752487692 30.246902215399544 19.93289805066492 13.927761740893644 11.475913350546287 12.969352669758546 14.155120923878128 15.93942003913864 21.336722721197305 30.81009390428924 37.44073207781289 41.83357797301887 37.088200359989074 30.06704782828975 19.960640289820027 13.922886580877629 11.42393639528277 12.889085340483513 14.036499005598673 15.786882614140183 21.255035776647603 30.755798176572796 37.41680045597853 41.78771690667048 37.0369524510863 29.92813209450746 19.982196773117092 14.023031899212699 11.475143801609946 12.900060188384423 14.038279768839084 15.767624314486778 21.26101665697741 30.84498619812305 37.490764909447755 41.889445875711395 36.931061167359886 29.680902347935127 19.741245263283748 13.758088351203059 11.43614387156768 12.858079268778223 13.933278191689942 15.64973616786855 21.309213709373346 30.865799796679376 37.46647011451888
6.021621652986834;55;12;15;11.986564423328742 13.104947867384816 16.659340494558144 22.60421403466317 30.196051906780546 37.30282620824882 39.67030165824147 35.887182886157255 29.003456943544105 21.87123352374244 16.14540466289478 12.831933506144564 11.817552575706241 12.9975755394774 16.57457805443478 22.43329822846615 29.959857086929595 37.285977136800504 39.85171539451174 35.982906673323 28.89941932769417 21.668528596045256 16.112108845582412 12.94715523320266 12.010352936062661 13.234831526808993 16.851243047822166 22.81564456722978 30.40194674982745 37.52698906297578 39.77511962371457 35.7610281638597 28.839645626628247 21.697242053211028 16.077788313107444 12.8525115147195 11.92880505035584 13.159290173063193 16.723125300694015 22.596681230645068 30.124100431318485 37.32234844968653 39.80772689724179 36.17883923285891 29.211817043359005 21.73337288205445 15.925649838478616 12.759675561193818 11.964857742980504 13.34441664542985 16.971597801294244 22.773858059986445 30.20675066212447 37.452842347916366 39.95136253116697 35.99867567608873 28.950603782561842 21.614272527100756 15.969294063855994 12.83948048606412 12.02285743123528 13.314026887916562 16.86799491308905 22.694216833025845 30.16991289457615 37.49491102310303 40.08861765934979 36.05748001551203 28.833989441946137 21.389029772451938 15.794703661487945 12.8095058799507 12.078227152247967 13.365633919656293 16.84857595321911 22.60082920066839 30.174503186477136 37.64922583612726 40.03301302339864 35.93244316430095 28.897233201176327 21.623982175796456 15.983322805956911 12.859459056520224 12.031268466100906 13.295867558147686 16.844249603102433 22.702146731045527 30.301035932813594 37.646196243472616 39.9442286775185 35.84599716711861 28.797881058280026 21.58500587225662 16.081614456415497 13.007477069124993 12.17036308625875 13.434081247286295 17.026358633587122 22.953084572794122 30.510293839720894 37.689747312926116 39.8803696166607 35.76677142907934 28.67344364518778 21.424925517596165 16.00043109388905 13.055823643529173 12.316523380729471 13.64080909330464 17.297297237828033 23.248402858611932 30.823003425217827 37.8881721309471 39.72862806727272 35.499318071468544 28.502914301066248 21.41989914796459 16.00890018244636 13.003891241098813 12.200973582809041 13.504843972154587 17.15124427518264 23.139818828651247 30.783926540281925 37.91024333447571 39.78425700476923 35.49010373552025 28.427447202042377 21.396562913991502 16.065896081869262 13.05327130622364 12.176283212725163 13.40252366550996 17.06094648306103 23.147306320412895 30.896030919104913 37.99005230960357 39.7996236819507 35.45148857994615 28.307108987122 21.258952713229284 15.972902843341679 12.998662358589252 12.123552909555544 13.32060653132228 16.96437754215117 23.059889189600252 30.82364269086933 37.93789039257816
5.85552813555094;70;12;15;10.301676179699147 11.236757792419201 14.88292790580928 21.31352217085247 30.011023315638248 38.79415669335833 42.50846293958924 38.0653128454919 28.95331711760537 20.85396644727137 15.111525792564105 11.544307349785086 10.144927161881537 11.118372814206987 14.79062388610977 21.138465988865054 29.757824164465855 38.79097454100227 42.74737818243445 38.240910411906455 28.867092872024422 20.646449476071815 15.0586969331272 11.618697080298082 10.275445361656733 11.261016135030046 14.934293272181284 21.426727882210226 30.213185171300967 39.10691218177428 42.72444832430319 37.948832838418596 28.714924020463897 20.674979827843742 15.048463282359712 11.54145056811965 10.201933186948336 11.205098279160948 14.85638521793477 21.245144372643907 29.91592461822255 38.84657377661 42.754832006430135 38.41753944391289 29.115915044860635 20.768181992157114 14.972010620662981 11.470687168208432 10.191621231201363 11.279084334003826 14.969202442088262 21.31621829230137 29.94625024665781 39.02183787181881 42.97736530753225 38.21241414980233 28.730499285909687 20.60628239680943 15.010286904687916 11.548838237908528 10.242954195512889 11.23043399028267 14.825866527222496 21.217835848569152 29.931541061286865 39.08043429802072 43.122126913059034 38.28317079928428 28.709074098461848 20.494943516665224 14.872771209935427 11.495482844988862 10.263264887088887 11.26977009170239 14.820695698404625 21.12439235640952 29.94531733733323 39.27886721655682 43.11189056211984 38.180839691952826 28.78718095285025 20.72986824324975 15.068310894488054 11.55116308574779 10.20822053676683 11.17074939488306 14.797075946402359 21.265886416650012 30.11649067240675 39.2717752155698 43.009386643799175 38.1152754726624 28.71219988473354 20.634678752560426 15.08217222594317 11.649616746508764 10.332032860109031 11.308819974921226 14.967906359669161 21.486489432503472 30.29036957953015 39.30882292146829 42.92858535556918 37.99962981864638 28.614022654051013 20.521197286167144 14.990956375441364 11.655864943837514 10.434990407276382 11.481590461559122 15.217454878694415 21.76549530599963 30.623091487629516 39.56508271726996 42.778462559119234 37.62848581724994 28.35784015066445 20.489846267526353 15.000902457922113 11.621278444449459 10.352224744129945 11.393007278471115 15.123276939830623 21.705549300226686 30.612694476473788 39.58748739200431 42.84109574202229 37.666956513637736 28.343409758022197 20.453798300202173 15.016647159142485 11.651288152795063 10.33913296161117 11.319380346465195 15.062463672657712 21.737227714686885 30.753989061529467 39.693829604405714 42.85129024030004 37.62148292192923 28.27014532406787 20.34643913563183 14.912878210377343 11.582837449950429 10.301657278497201 11.300569600272135 15.063430334128626 21.727020053072074 30.706335081167992 39.628423345160115
5.732736884878322;85;12;15;10.708934977669509 11.69324342077005 15.79307140769139 22.318579155247285 29.598114408372112 36.50505372714571 38.97426894686609 34.680043448023966 27.717761072433284 20.974885874151564 15.564426267931701 11.99646055263292 10.473697368688498 11.471240703408258 15.566217156816013 22.02288706440886 29.268555751426867 36.41827560884347 39.18660369943291 34.78109669909533 27.60190480502417 20.783389021686435 15.531291110835868 12.115973527575509 10.689241275328438 11.749374590203958 15.88296417405703 22.43715078282871 29.7391707032747 36.70502709364034 39.049363422194475 34.47532993009864 27.47974768693803 20.783034961671426 15.489707791513446 12.006088014852306 10.56234535589746 11.61635603142858 15.727759654455516 22.223408734520635 29.474155600714838 36.50153945366975 39.09549855597106 34.8487265497412 27.781613382861813 20.829413110901598 15.387286903472754 11.922934877065993 10.553428038836872 11.70209053336627 15.845307579438728 22.29754937419371 29.512042384971117 36.62882959816987 39.25506790313607 34.600905465565155 27.45250092929106 20.67194888510324 15.408522403858214 12.003359491342929 10.622422826280358 11.68389002597887 15.745344522693841 22.238223226588133 29.499487936621925 36.658550388142885 39.31642930516539 34.626040013894745 27.376205215074766 20.505629446193545 15.23598750720171 11.914379383014072 10.606904939483329 11.707764944207398 15.77012872374452 22.21882215535575 29.52709246702 36.79108021583939 39.216698463187264 34.45586979261017 27.414571279808943 20.712852773720023 15.438333649583395 12.001778540808795 10.585454775447204 11.633596627774333 15.74126658837416 22.30795178569285 29.627263436986283 36.78448909670392 39.15527495720869 34.44496379908778 27.376641630326823 20.69052302875052 15.518817667637872 12.162670297067042 10.79054901758314 11.878907227306296 16.041045726611777 22.64549231896313 29.917648677857123 36.875846706220315 39.04510930167095 34.35420427760437 27.29374230868092 20.593016453215586 15.455720055201297 12.195289721366942 10.933714821631398 12.124195550421682 16.38496659686369 23.00347821487326 30.280261486747012 37.11424081592618 38.858369476709676 34.05094124282249 27.11447757156752 20.573230945036496 15.462030356479296 12.148972326000166 10.822625707370042 11.98825608090284 16.241308011479003 22.884771241185053 30.191560171146847 37.08604157270976 38.927144200159084 34.09410281250733 27.09060332838192 20.547764950629936 15.48491836194911 12.182543560826593 10.818799564061987 11.931706384854431 16.20156553421746 22.903737247251232 30.262773824690118 37.12978570444028 38.926654118994364 34.091625404966656 27.028474402545037 20.435551889895766 15.365663928447416 12.077805925461758 10.73036219024613 11.857929593318802 16.15795506098641 22.852706027127905 30.197039494582185 37.0809166468109
5.923573185738763;100;12;15;9.963551228015152 10.958105472655859 14.821498999487297 21.595173200056568 30.03177548528825 37.744225977275676 41.830343167314524 39.13419741686806 29.80351984529722 20.790096416966016 14.783419827996934 11.217342207763895 9.840608359962431 10.852893282113614 14.735445877288244 21.465120611140005 29.881194334691124 37.80372156065583 42.091841296226725 39.39325999090103 29.75941119038633 20.57613666731411 14.723944495904574 11.269402868350312 9.929485861766443 10.94072446738137 14.828566698928958 21.736533770558324 30.345536787664848 38.167044514704514 42.19951334319356 39.14663170757631 29.557860923615124 20.621449936327547 14.737516233944174 11.212917976422858 9.862774069500768 10.883753544546755 14.772513834474537 21.601750312051312 30.123836489534177 37.98491793310374 42.20803913535671 39.586586884740214 29.993327740359955 20.75820789539491 14.708978119178589 11.170835800377667 9.840759569577994 10.88997474015844 14.79434742289298 21.63144629419677 30.189069937790563 38.21429751956758 42.531778922274526 39.47210905498724 29.516233051459544 20.542997122439253 14.733518629732758 11.242911483738226 9.886339818068905 10.836306127320825 14.646916697634367 21.55847871036942 30.240330672508943 38.29997126764187 42.64041358045472 39.5096198403334 29.535049197996017 20.491843382024744 14.625566439951381 11.185658392960283 9.87752375744731 10.85593367545509 14.676429574385983 21.560803558208686 30.354310320582066 38.53932258821768 42.69162503703945 39.41339517131611 29.60428970106479 20.747693595530684 14.84279795390786 11.253623064897756 9.82506482153419 10.746339106233258 14.640777857259728 21.705716542111755 30.492315421456354 38.50071418307285 42.595504324632856 39.39110660396513 29.586086493505682 20.637792388059438 14.81417883399108 11.310344221849524 9.922716531298345 10.879607430891484 14.80728664571034 21.88763504173041 30.61055999073983 38.52071435490261 42.52076357179803 39.24943399487054 29.48790420000121 20.545768848695936 14.72178368349648 11.293504601002182 9.988476513037492 11.019213058544773 15.031835624991327 22.13503177704671 30.883860570180968 38.73356754043706 42.43541924467192 38.86265329912197 29.145842397969194 20.479010140946862 14.725029964930572 11.269676935778518 9.934605387321891 10.972339427806467 14.995934141982225 22.136015736492617 30.899190795044397 38.73318681622645 42.47394394449385 38.93293876864115 29.201360628425736 20.452799574192248 14.723289704265758 11.282560805075896 9.926242955546982 10.935572539765444 14.990924648423812 22.202755205518283 31.01780528785166 38.79854447238133 42.46272068079594 38.892334936605245 29.182404072960527 20.377003729263112 14.620604199397834 11.20639841183761 9.890246966528153 10.950708352266009 15.051396343875856 22.22549799237851 30.961502657514394 38.716511905853196
5.916866856962847;10;48;15;12.065784761024595 12.802106734432071 14.87907881104172 21.434047372663517 29.272593858213877 36.313072868902196 40.776508002944325 37.51526221725462 30.59356646010522 22.722311697729744 14.596314804812366 11.502558644945642 11.970866975113232 12.722193127650582 14.872641601693518 21.36981281917779 29.093089818382996 36.149817787357875 40.800574633364015 37.594163934689114 30.53709844425093 22.52487345494601 14.53268660863547 11.597882806698829 12.072344828185441 12.809921706393494 15.076885964784847 21.762362263016474 29.393030966923003 36.39032478142404 40.81564159148606 37.459137798249984 30.474280299585974 22.476364195196517 14.414125444219408 11.517120670958587 12.038029696053885 12.79449832560619 14.985116579083217 21.545168213942425 29.165757514390197 36.0608957327207 40.82738463823746 37.89024586281766 30.887559805418817 22.477853677414092 14.165919585575192 11.46681647206722 12.031088904682427 12.868908307406985 15.3028214822371 21.91505174143415 29.27999637894714 36.138848339800376 40.87229929440274 37.763544355749545 30.667259546317947 22.294580535402456 14.097808429322646 11.482851441746039 12.05715231207904 12.835502458097578 15.20520082444757 21.825335498793823 29.216673977216 36.14044819153645 40.95435211221866 37.73468087029333 30.447524298146654 21.908767091787364 13.764712547441935 11.503673815860411 12.133412586541686 12.889270302245405 15.226591584706153 21.78855342228695 29.210516910682344 36.25966482263426 40.90141659599935 37.63631091485526 30.421826764016267 22.02987831523908 13.857395941266201 11.457575134401859 12.04368655577892 12.780153663415618 15.170244401535728 21.810752715210885 29.259736990633563 36.26088665033143 40.846833975039104 37.55032934720643 30.348583256392665 22.107661149022707 14.125858488052286 11.58315607021179 12.139100498241346 12.872878909901335 15.236159643147996 21.923012691428458 29.373741615294975 36.37150053437245 40.89336063371313 37.50840918146363 30.230421042346233 22.020807763434153 14.19235494162437 11.713694521274785 12.295274379485479 13.050873553748305 15.456964834357976 22.17871093589554 29.621136072341397 36.70590464944494 40.87374523635154 37.33035040853863 30.095045233671115 22.07722582611187 14.281954064316933 11.699777836299686 12.248142882349205 12.98622401762344 15.306172395324818 22.015383624758066 29.565199990313282 36.716204454419234 40.8669367533937 37.2652681698978 30.016144866322477 22.132067663555944 14.438813789174507 11.743827087433035 12.232438008661502 12.900672452318862 15.176554702813727 21.956023640625794 29.62516810374207 36.84075527472315 40.85424054602992 37.13774041028751 29.82344306223334 21.94733634444245 14.31011280495776 11.737028055076166 12.24289104838014 12.885980143021083 15.116151186697273 21.904326321894626 29.612598804448496 36.82538994762754
6.26973656859106;25;48;15;9.516331238875022 11.556579630190951 15.608559899430876 21.45561263151863 28.90889220508336 36.9028578738859 42.16981820485175 40.33780300528052 32.29406642149864 21.80731640919295 13.38413212097433 9.678479250019699 9.505103924919558 11.598633454433225 15.670494412904894 21.40866845879449 28.739532035310724 36.89823788009615 42.33061342997149 40.47957282055654 32.304265645076875 21.677057425901577 13.338113094581118 9.713349267436934 9.561010980101829 11.655021140179246 15.720955896798161 21.52821704225146 28.9501488036293 37.093643906149296 42.45910920113855 40.46549682545076 32.31734527682297 21.69668396147145 13.318095371635271 9.673799852452403 9.556158771545318 11.657940025793929 15.673270189419137 21.390176501623525 28.73810566960679 36.85411167406916 42.4495154910655 41.028355718177636 32.89793822227495 21.940676033407 13.298496175303926 9.669547082014727 9.613672428892933 11.782052068195547 15.786841436521659 21.36312196244991 28.591536974165464 36.886797252575874 42.69140497304538 41.0777850614361 32.8343086760122 21.8925026075135 13.337343545644776 9.702864500700747 9.616515709699836 11.714693584806176 15.677481782238289 21.288528706494542 28.556252480391286 36.95155817078363 42.95882997885325 41.112582174217266 32.62048612883513 21.607338823680028 13.180935424505108 9.726620611374189 9.690648923900717 11.760978578112473 15.636929928507733 21.17203502980197 28.591511322534252 37.19731699881886 42.951814932759866 41.054436676690344 32.694142762729825 21.80849368405697 13.297845433922669 9.71112432595081 9.624870040959626 11.704833907820035 15.649433748637428 21.262915721490714 28.69819915691408 37.1657762931157 42.788951376112976 40.84564859965997 32.51369973818802 21.7048813452508 13.315607838450694 9.738690378902069 9.627248892233018 11.698836826459985 15.670781981191634 21.359112882508743 28.789711351260667 37.21718756240671 42.835488835473825 40.7693471475788 32.303257805987435 21.444812282214247 13.179990364407846 9.75000409835214 9.696592001826637 11.785663547852938 15.774984982558589 21.471110942070787 28.972480573727587 37.46080245410701 42.79572610692449 40.570984433507064 32.07284135358831 21.344507653748497 13.139865137806913 9.709974052803858 9.652039168670035 11.76854985957739 15.781002990249362 21.53387423949796 29.10019126997099 37.577973705137175 42.80082133093458 40.41003529860005 31.868728623867675 21.252823998498545 13.16114519102553 9.721260770536864 9.612441150594787 11.695296901352815 15.748785891533725 21.627740477290384 29.318887627078222 37.733265980319146 42.810903772086505 40.21913315895328 31.560086172003597 21.000748118756043 13.063496856476009 9.713708390273894 9.621778344355729 11.694014319792245 15.74750871031657 21.664632417033566 29.374220220729942 37.72923732413311
5.918485501066411;40;48;15;11.22851146802767 12.303331016814631 15.511535979588475 21.09852437394016 29.068546607657122 37.407896639776475 41.31124730752012 38.12459241513554 30.08072689815468 21.41435738305854 15.349669461344195 12.130723215522051 11.161558010394268 12.30048503583602 15.550074855311863 21.058926693386375 28.926897625064967 37.39399750591747 41.429526979035785 38.23652263288346 30.0740392478807 21.289775173258537 15.316086750788015 12.168592448662237 11.24225264184185 12.400287432364372 15.655526686093056 21.23522292922998 29.182797622986744 37.588824345139585 41.4721626902808 38.12396462521379 29.986770373370817 21.248310155209 15.266377939757925 12.111741008425632 11.215959719850186 12.395167906808922 15.617224075393983 21.11235735359236 28.985224034096227 37.40620633228823 41.51094525650069 38.52753093837556 30.36210571629862 21.312349452528206 15.187023943562602 12.064191659717784 11.240639289247238 12.507877799137082 15.757969850550326 21.145919644100008 28.901210891621407 37.423004100474124 41.631175802074274 38.50931558004378 30.251069255385538 21.240197995599136 15.202223885141196 12.098440637642533 11.268800730059771 12.484762979243925 15.690020704600165 21.09590588242782 28.878583452721266 37.47305718339679 41.77203565948521 38.4699551770787 30.024726687048535 21.00225278943947 15.075081575042004 12.091397239746229 11.329284576284493 12.544129629425099 15.676832390942884 20.99816607956174 28.889735836911875 37.637089914392575 41.79377474189393 38.46501116268417 30.119754504956937 21.181122288919333 15.182177135349505 12.109649050396051 11.285941420052385 12.486682126284292 15.667750363408205 21.064969677665434 28.985253735984998 37.63105503062863 41.699260631652685 38.362982474583845 30.045912234257425 21.16013655441672 15.236506615212276 12.169704919405298 11.327335052312428 12.516257782028084 15.71731066499444 21.184792159789875 29.105293919453274 37.6911622029003 41.696641465097414 38.254939154007374 29.84128647191256 20.952105875550007 15.137153122230124 12.1705622239221 11.399680752843633 12.62902032770452 15.869441714151073 21.366189695029913 29.349781641657692 37.91437324710074 41.6414864077354 38.04264760418786 29.624874460068995 20.881278684082222 15.105041330211039 12.129026832647467 11.34060909642139 12.579598409918242 15.832028810029279 21.382842666508047 29.438640917302685 38.004089152219606 41.65044557745743 37.94936207207306 29.50950287348119 20.862446674036974 15.148445240306543 12.160118634804437 11.319817774281642 12.505962702354276 15.768935247850262 21.427758335237705 29.607066827664884 38.12569813544933 41.63879703671576 37.7920689696566 29.287350971632613 20.715971978323182 15.091155022167637 12.145664615659753 11.313917899103025 12.48465429733274 15.739828746940468 21.43254759604131 29.63726217281531 38.12440340311609
5.89088179366216;55;48;15;11.22834405738187 12.487114153757325 16.000361564467607 21.790123740894987 29.839938411188108 38.04262870298592 41.00726602706432 36.972939480441234 29.07592212667332 20.974523713621434 15.126814164766087 11.970680663265487 11.108733201214921 12.460451308241879 16.039337192964513 21.77658744260904 29.739764066007194 38.070780693197484 41.141208044563314 37.06290110118539 29.035037139258478 20.837869036121845 15.096304924654785 12.039751055516753 11.239162295323805 12.62050668631405 16.211622323738172 22.016501833366004 30.050401944762342 38.2633704401608 41.11250791949534 36.874963750072304 28.892779605467982 20.757008344114315 15.015326775178027 11.950957259035643 11.189461584808834 12.603320093402425 16.167828238831085 21.90082133025891 29.866217157278314 38.100887607724516 41.16593351687937 37.27888378572763 29.252391848549067 20.791540502546777 14.891326789902227 11.868692477740755 11.2128099695546 12.758573216094657 16.379652658945375 22.031796618475788 29.88399711292243 38.174748104583045 41.27563339279776 37.20777071358042 29.082364736364934 20.681433575743647 14.893311416106474 11.908263494098938 11.252197374236744 12.738763406370207 16.311584705440133 21.978877893949278 29.85740042161379 38.227377151313675 41.43762479398346 37.213459975365936 28.90101445412976 20.463899980077507 14.767125641834296 11.912459560930778 11.334282594113152 12.813784977062513 16.303185821347185 21.884410361669968 29.862202001950806 38.39033926422785 41.42427784523842 37.13651048207522 28.923344199099265 20.605837205999325 14.870959394720392 11.926549056895091 11.27966622100657 12.747571366476683 16.295016451849285 21.954173685485404 29.96509677012598 38.38185937498371 41.31764266420687 37.00833468125538 28.830150135301015 20.59568726055474 14.9556874076545 12.028291526794535 11.359525149311 12.808649250476826 16.37066311229164 22.088797243199178 30.092908722808374 38.426188093888676 41.28893713879549 36.887654557092674 28.629397431747602 20.400286634845 14.866544613980329 12.05484501535587 11.471636278563254 12.967567856260576 16.56803418830417 22.30875458049333 30.365717870998935 38.63909933311482 41.17591335150645 36.63141366249295 28.397459432591887 20.32081686878776 14.82964136726813 12.000396052895088 11.385045822194614 12.88298497755569 16.493527675364874 22.28555403014849 30.420059501634388 38.71413980500907 41.189708528754764 36.55394168597704 28.303474556005106 20.32184529668646 14.896250553008958 12.051531904672041 11.365018648647796 12.785907054279159 16.396410599598596 22.282295935463182 30.5395096975848 38.8032333205496 41.18006081524757 36.44498435727793 28.145250906914306 20.213871168009966 14.856034870655858 12.04552132245346 11.355392536514263 12.74226282890178 16.33042717865074 22.237918613467496 30.520024583508054 38.77615194841965
5.85275780910441;70;48;15;10.77559951693032 12.156033275012561 15.649402021619878 21.299135656000445 29.201855434890945 37.31622040999872 40.6882488404611 37.301177753422024 29.75934368609367 21.66286059811193 15.301380940631704 11.617078327360058 10.667271328238819 12.142527016136844 15.704317438742951 21.294121099620085 29.102846888844294 37.346242269117 40.82736843720723 37.400207900842325 29.74448126597838 21.553484405276862 15.26697535274798 11.676733220870897 10.780500328577547 12.257843249204665 15.792693383652486 21.429036866540716 29.309900105553268 37.49467745825042 40.84323194598268 37.2895683651701 29.65652654785505 21.49625190330818 15.198790616816432 11.595293342032333 10.741212830248541 12.259895379701575 15.77461168382017 21.33590186899854 29.143618806568924 37.32881806109521 40.869287252864176 37.65788663687574 29.987541947435936 21.567388264436353 15.106415717609627 11.518557162306424 10.753547214603655 12.384573108075697 15.934303888797821 21.386423431712277 29.06734233107604 37.35246481481454 41.005852487175986 37.65395653695698 29.894855178397037 21.49771404628723 15.118114886570796 11.561688355059575 10.792401335373773 12.357075909502953 15.84773570884576 21.311543282513096 29.02396002235419 37.4045011738556 41.19936839303462 37.70646407596082 29.775502188628057 21.325193325532183 15.00014303462967 11.565866870775322 10.873132419139392 12.423992914818319 15.811921981417118 21.168861821764686 28.991133359875818 37.56589853726588 41.213470039771614 37.67082720977895 29.823097440254912 21.463538985562945 15.107021231114802 11.581141742118772 10.812756579782928 12.345592079235375 15.792079769632192 21.235174326139266 29.09332473332146 37.55597000590122 41.099759058783285 37.531444346291444 29.723781074633727 21.43465356121162 15.173918660185295 11.677346159848263 10.88757968785481 12.392241595722046 15.842374517922584 21.343135966521615 29.1915974825781 37.585798802742495 41.08173541264266 37.42961142063983 29.550543458290612 21.251962981245647 15.075882850995896 11.69877202233903 10.995650010148344 12.533881802756154 16.004806722139367 21.515583445119123 29.414473030444007 37.784164216985936 40.99303882234298 37.2047721729004 29.332946746110835 21.156326949660368 15.026806555188044 11.643861330516444 10.920714844950643 12.472814719442836 15.962700919591743 21.538756656225434 29.52368417528352 37.897696986641634 41.013192903960004 37.113438864929364 29.22221472955766 21.12735579485736 15.070278644619137 11.685188808569679 10.89888935704732 12.378134548641642 15.872642767709083 21.559111900634587 29.681358676953522 38.021883283765185 41.02426225787064 37.009862978441234 29.064382942885757 21.008888461408098 15.017054210027235 11.674961908231458 10.896479453799303 12.3542744813575 15.837775450463555 21.557106010578153 29.706267085902695 38.01492629136349
5.733529717581987;85;48;15;10.1309942758762 11.770892258532745 15.839476558638626 21.661152401986133 28.812575055185125 35.80411075352214 38.59536870224284 35.43162071653001 28.672737212765078 21.030361576903726 14.809774178894918 11.035063066461698 9.972068919663181 11.721730232273213 15.868829450216634 21.67074526825553 28.766678886604556 35.83695294198782 38.696830354284806 35.488802252757736 28.638085909256066 20.940476573531743 14.804748484306268 11.122621534387102 10.128075390261515 11.909378665013707 16.054507432654336 21.878634356868385 28.99678616934329 35.9703900273777 38.65370456187507 35.31416594747068 28.478127399843864 20.80683089987754 14.675017384583505 10.99862424928301 10.052389577329418 11.883018238729383 16.033842343541867 21.824497770521894 28.900588502043068 35.868187178202305 38.67810601358635 35.590166698618276 28.71338762276292 20.82617256733238 14.573831150055593 10.922048729773636 10.063738399011672 12.00008823332055 16.19337523838884 21.927067843049365 28.921676505549062 35.91876679460773 38.75045981463268 35.515034420886 28.561513764961326 20.711784518288656 14.548180868930068 10.940729867724784 10.097420340878065 12.003244734045403 16.167087041697663 21.90770221157063 28.912336949137877 35.95340054700065 38.8689109470517 35.51113267277017 28.41311772831765 20.524903271834262 14.42262288457964 10.927594882458704 10.16916930346214 12.094324225876033 16.21106878853835 21.887943705108604 28.93907404937525 36.06425339623769 38.82926432588573 35.4193268347505 28.40474719602762 20.61597770084294 14.501930302813028 10.942808999938759 10.126641599085383 12.035090559151403 16.18549073700597 21.91318423517767 28.992389277240783 36.059387686822646 38.76498808849929 35.343649122333524 28.368344831166972 20.653304199470128 14.618433261345839 11.078522330077185 10.242667977312005 12.124333934221639 16.267648186475526 22.022215481077243 29.088916027967734 36.091205160125725 38.73241051686084 35.2340167507078 28.199006937810914 20.489470268616227 14.541446640694154 11.11261469804296 10.372681244978093 12.311685348074421 16.487394235333646 22.2518382517554 29.341108015093614 36.27894134844668 38.63439023365875 35.000373593119456 27.962231581043074 20.350239627308675 14.446623360792518 11.023171510266446 10.280820053438443 12.243776029656932 16.44347864269977 22.249264313076218 29.390511706720872 36.34502670087645 38.65781017295474 34.95227813468397 27.90171195754324 20.353887559284104 14.50129373733323 11.069390349365934 10.270138174167684 12.170180149625637 16.361915231005632 22.223871560827195 29.444877638901684 36.39792441469187 38.66981918661922 34.904579601489345 27.810194362853238 20.277162180245018 14.46241801518946 11.054651462106218 10.254786347930601 12.13437317262626 16.315865827680724 22.196596788898773 29.43725775434605 36.38479077951165
5.781655855736456;100;48;15;9.339067666517575 11.273678590247492 15.461314135934156 21.763417355110775 29.664318568356972 36.79993947920829 39.86431034543653 37.1545152270139 29.556790980576437 20.531090377778153 13.514158214456023 9.828099814532251 9.24223410878048 11.256887572490866 15.503442214898358 21.774288415161717 29.63333544811119 36.872930520777345 40.01048144059408 37.263896482670916 29.55792100243559 20.435955903087347 13.475023275828434 9.865483691808201 9.32398585745114 11.347691646807437 15.587728074715532 21.907365196389517 29.8236982284596 37.018669588461854 40.062108723621606 37.19329104280453 29.470452990262352 20.36202722689323 13.39887033319112 9.788572000921372 9.284985927408872 11.341362444327492 15.568485976092365 21.838576128277918 29.723218763875856 36.943696620860266 40.1150563906136 37.52036959203739 29.790102017044887 20.451799160575003 13.324215985850891 9.710441182509076 9.269677303919092 11.4051837027814 15.654681532348935 21.84506767858171 29.66021633249193 36.98011788692286 40.250089277482 37.55417844197399 29.73322154996244 20.397035290588956 13.33264052157505 9.741400001209502 9.292477553808448 11.376841350464534 15.584353535125382 21.791877333657602 29.645463269330754 37.03323026438895 40.394764477514165 37.58353200859492 29.6007619267303 20.214737248084816 13.212083255224988 9.735902451615148 9.355934289081983 11.437148335442483 15.579562755475195 21.728547000172078 29.686720542919623 37.19987811168244 40.44477975803294 37.57347386898836 29.647748964680275 20.334233009432772 13.297420831921828 9.739536882732043 9.29870144959184 11.367829527394221 15.554941239769832 21.76638720646642 29.738758927089464 37.17247001877601 40.353727267919375 37.466582171644696 29.576986239811983 20.328422914963397 13.371050464099454 9.831472328993621 9.369996783329231 11.416519023605122 15.605221812158765 21.855193660002403 29.809046421737417 37.18589122224297 40.3328846425172 37.37256354291158 29.40933122847198 20.152285989250473 13.28152357100004 9.853459827199332 9.469611517923983 11.550906569435677 15.762182118412404 22.021285271924366 29.993882625645632 37.32493116392376 40.26848824748982 37.17493932580157 29.18462901444665 20.032541812105517 13.224353510502072 9.811222391281019 9.426873200154121 11.530845643742525 15.770973877488641 22.091541545836964 30.12162639899244 37.42957361823594 40.287000624709314 37.08158493930824 29.05308171172983 19.971504768202436 13.239602055171382 9.837385705030771 9.414149991073279 11.4757310889561 15.732686117733953 22.146746050093363 30.265189803324475 37.521143191231296 40.28210926366306 36.96359283607932 28.866647681214317 19.823825289625365 13.171155402584308 9.824994617069821 9.42125954317639 11.476095612136474 15.73141231173143 22.17228359905014 30.302832897084244 37.52197889437444
5.8578040118295975;10;84;15;11.824760684076638 12.476860926744967 14.653400484944505 21.085627847587908 29.036867180632534 36.314701072441196 40.90087791174391 37.37059376765172 30.656913163381716 22.594664117999976 14.293782166477083 11.383117899596202 11.7316925157842 12.406495127117525 14.647607941591222 20.99542844297285 28.827334531254103 36.13126085730522 40.94010600629538 37.46593683060685 30.586495385448924 22.36156268236024 14.186914770678777 11.45913448356234 11.812559958220994 12.476081252164727 14.817115270721859 21.346609568661243 29.103785873555214 36.35743669003935 40.9478041958305 37.342464728899664 30.5351320442057 22.310756589052936 14.061834041677468 11.384732602276666 11.788027548181946 12.475020084684088 14.742163229450991 21.1407827361892 28.875142421402842 36.01774698885146 40.97314260712392 37.77330412638255 30.9557580422089 22.338805297696723 13.833822092182945 11.331153095105364 11.775702614427805 12.560255054856082 15.02297636162243 21.421000986781557 28.91596868008307 36.04804696565551 41.02475368912121 37.68599002399658 30.742630789246242 22.113786488538814 13.726021112017131 11.346837042462342 11.805913485565542 12.527205628211929 14.932939136070495 21.352527332477415 28.870195369315145 36.06593965346838 41.12232304364832 37.679165340008495 30.51780369227949 21.708026876528095 13.38792518717898 11.37807667902024 11.897311597657533 12.601816097761928 14.946916574908988 21.288782016352755 28.858728752642193 36.196109531093434 41.08443423426327 37.59172837980989 30.487841911981672 21.81411020996714 13.458129651546962 11.328105951334623 11.802361409685693 12.488093641043845 14.916668576410288 21.366550505474187 28.94994865340156 36.22276157592206 41.01646551206824 37.46363493422709 30.353174223336573 21.846172386331116 13.684667982332684 11.428298522674558 11.871580311380814 12.545596497704635 14.972265111846315 21.491717471209373 29.06195346339287 36.32857455466899 41.051871513569196 37.42048214010029 30.242081058817657 21.775680691197863 13.758887602028171 11.537474565281887 11.999891120785978 12.691879649988001 15.156509978150815 21.70544669370184 29.27748724438891 36.64746483320201 41.013238806879016 37.24208044536857 30.122323718335632 21.862590105349327 13.878495082980486 11.5276796924167 11.948028922819987 12.61691478290153 15.008948969607365 21.557241862967132 29.23652361447312 36.66872193496113 41.00516934373425 37.17448839712659 30.038290324573012 21.90723811955858 14.029428605985306 11.572131269134312 11.931869745242672 12.520969581655859 14.882325092475813 21.521023616064713 29.326565565325545 36.818477508059 40.98809075769089 37.047865195037964 29.853832144703702 21.73692613925942 13.932160995646393 11.585613226464671 11.960509116447248 12.523798686561303 14.831238518832501 21.47891275069514 29.33170129191123 36.81818183925714
6.278956962480199;25;84;15;9.29458098756778 11.38064319222723 15.50914970284289 21.38177576116253 28.80392438008055 36.7665289045984 42.066442131069905 40.37377064249643 32.47326399184084 21.98603436153579 13.392740943417454 9.512336334835313 9.28367229387368 11.426018227668452 15.574500608568506 21.338633936483287 28.63820269168237 36.76333595155551 42.22614513673438 40.51096231664415 32.47649339720177 21.84825134978436 13.344672486699038 9.550600468087568 9.343606655156137 11.486346814020052 15.629105505945336 21.461137014069315 28.849970408190828 36.95970863907958 42.35706566209384 40.50011707698515 32.492593171001545 21.868953566257794 13.322831472808403 9.507994458731323 9.338048351698387 11.488404344860376 15.580170294109148 21.323173090813555 28.638559114347622 36.719078787200765 42.34297886630124 41.059207880095656 33.06975217308583 22.111527035483068 13.298710163911663 9.504204767741307 9.401054158296944 11.61962053902169 15.699196563101648 21.30151771372774 28.496930383043267 36.75443348543931 42.586177931558744 41.10619491804563 33.00139867642263 22.05863556581472 13.337433326354017 9.538938426487364 9.403657123821972 11.55025177779686 15.589446058963768 21.22757148641753 28.462140695734302 36.81954812614061 42.857403429043465 41.14607915432177 32.790233098204716 21.76979448563851 13.175632287273618 9.562078898011734 9.478370874939742 11.595171834305543 15.54722954937618 21.110261682826682 28.495155695189197 37.06302530908388 42.848380805286325 41.08693054300589 32.864872594600556 21.9764676531798 13.298361166718601 9.547778788654316 9.41178464065842 11.539721108141663 15.561379124160961 21.201981621633937 28.602754837519953 37.03289139283979 42.68555910130088 40.87573796307091 32.68155928753479 21.871364482070202 13.319803905282534 9.579038676500014 9.415008645675933 11.533757778927944 15.582605848988376 21.29694109144602 28.692815014531394 37.083680272552456 42.73323468303602 40.80112681847798 32.47110655464738 21.607461006449743 13.18126619553915 9.591506719354596 9.486943920107755 11.62247057025786 15.687460266779514 21.40827440248608 28.874104542903172 37.32717770678354 42.69510555836908 40.60720588686338 32.24457969959141 21.50858392501305 13.140416647877958 9.548237817844415 9.439323691892612 11.604483376435272 15.693315589124975 21.470231867419603 29.00037469754118 37.443603710422714 42.70107428792621 40.447496130769636 32.04107045824716 21.41692997165187 13.163701578588622 9.55989985944462 9.39719561292841 11.529105383077711 15.660748818173351 21.56288572811583 29.217218061814854 37.59863946929257 42.71458324697363 40.26299474815303 31.737383496507373 21.16400083765013 13.063378048920924 9.549682409707373 9.403916340305791 11.524793208862494 15.656539250482979 21.596615935551476 29.269610168478238 37.592682890508115
5.90547941455682;40;84;15;11.149530095527838 12.207475596278199 15.4117862364084 21.007897160870364 29.005090884947975 37.3919237740469 41.29967167141452 38.124242742899554 30.15338379347505 21.463408195995914 15.326025407796571 12.076547645446547 11.082557736692491 12.206211915919576 15.45360312058343 20.97350608640956 28.869061634719895 37.38038054000179 41.415880311231334 38.231858086260544 30.14428016456672 21.336835790887513 15.29199446873712 12.114374350882358 11.163344173978091 12.306324157151243 15.559661139912725 21.150047700356993 29.124587996381788 37.57408410779402 41.4555957867758 38.11835636857947 30.055267654177385 21.29303293042238 15.240705382215824 12.056718934520154 11.136895992113308 12.301790568856095 15.52282877270782 21.0295835899308 28.929208634524233 37.392343650747264 41.49380321642223 38.513939624091094 30.425279608585903 21.35634014368767 15.160199087744767 12.00893129565921 11.162415314911069 12.416736203357205 15.667593078406302 21.069439136882554 28.852181511296955 37.41216966150195 41.61076520414514 38.49172126120448 30.31086725799682 21.280625641431193 15.173924735571633 12.042514681258316 11.190378293103176 12.39375639204937 15.600042207782845 21.0194052926833 28.828636014016617 37.46080245410701 41.74926916174219 38.45361508799705 30.08744965066084 21.041019829672056 15.046153960507763 12.035245819024523 11.250706879454777 12.453174345492966 15.587370977007353 20.92212789422195 28.838220948531625 37.621549076136034 41.768826505412086 38.44704557023523 30.179987910255882 21.22026836575521 15.153593792707838 12.053663690234293 11.207491981378725 12.395688364905343 15.577852196699151 20.98817274407613 28.933606539191132 37.61671036843806 41.67655083751549 38.347576644912635 30.10768136221442 21.199968812387503 15.208884533698109 12.114103658668785 11.24861019612471 12.424168425979238 15.62538736950554 21.104946732343976 29.050737287645696 37.67510023150442 41.67328497983653 38.24198102998807 29.90642338903044 20.991789961598396 15.109899614153889 12.115097321856762 11.320726382060865 12.53650096931142 15.776994585351122 21.28579883289931 29.294825046916095 37.8976605343236 41.61742922791668 38.03166195560013 29.690982088915348 20.919353467793563 15.076844787166323 12.07289971347112 11.261082289236853 12.486634198236503 15.739067973562173 21.30138523655339 29.382186402306928 37.98655018690029 41.626670565582046 37.9412291548932 29.57846323373542 20.901745985617197 15.121203207960061 12.104377640182113 11.24010465524936 12.412131735554762 15.674075515630589 21.342719802557355 29.54630013845391 38.10591937769951 41.615628213388476 37.78912848266826 29.36135727776329 20.75601198075463 15.064397670642464 12.09005457936519 11.233895610410352 12.390139512048567 15.64389502142455 21.345913430643172 29.574835553047787 38.10402790741914
5.871871207346016;55;84;15;11.22042850402438 12.456549560126042 15.922845035118529 21.663470161874663 29.71360277738622 37.97114840748664 40.94859129588293 36.92308080988144 29.076548566509217 21.006415441646443 15.148894143852743 11.97430159352385 11.101679002631792 12.432609837776562 15.966039681906782 21.65541858736746 29.618670140530472 38.00198706854613 41.080340773956266 37.00929324221117 29.0340269375188 20.869674696173707 15.118679897500373 12.044462855144527 11.23271563537463 12.591558145449083 16.135964187566067 21.89339889575931 29.929663091865024 38.194915687058604 41.050430971963806 36.821689362303836 28.892008706445786 20.788459606629708 15.037151588038421 11.955079071145555 11.183334895206874 12.57563793306779 16.093941415298417 21.77939292101205 29.745894130823785 38.03228164500676 41.103721560762516 37.22161179374774 29.248554904554183 20.82321824196405 14.913258259545028 11.87354198612556 11.20895682452948 12.734402629064272 16.31039055450295 21.9166983398929 29.770273306118494 38.109061027479974 41.20984370916983 37.14632965648576 29.076381830906342 20.711653559960894 14.914602945054845 11.913218309180294 11.248503539342305 12.714264748477488 16.241686710560835 21.862748234154886 29.742490564387793 38.161239145535625 41.371066911505054 37.153104387297276 28.898416888948145 20.49622576070433 14.78923599785265 11.918815765127787 11.33207925400068 12.789721046814535 16.232658686460283 21.766851298478468 29.745445227277585 38.32313469062575 41.35737839103915 37.07738347213299 28.921213763622866 20.63835098608121 14.893729942720977 11.932697347870702 11.276475968135387 12.72250702261146 16.22378187197529 21.83632367879253 29.84893268314233 38.31501392421857 41.25142500336348 36.95010817857725 28.827795923094442 20.627101058187705 14.97787809378112 12.034042892529294 11.354826850541759 12.780583665759872 16.29534519775455 21.966635990475112 29.973513205335017 38.35795880512397 41.223621335302056 36.83252245119016 28.630640860818428 20.4335223733369 14.889250357859957 12.061205269810438 11.46688262627403 12.937574348945208 16.489229002008187 22.183040829987583 30.244544965499802 38.57022335322642 41.110979622309486 36.57920584254853 28.400906539296646 20.354046194371858 14.85184420416743 12.005890902317734 11.379145947016 12.851955954390897 16.41363904517167 22.158483105838787 30.29801916597455 38.64518957039874 41.12530538329811 36.50384945056463 28.309350129638364 20.356391968541843 14.919486880628906 12.057523585688678 11.358438330199151 12.753247127403663 16.31425517525782 22.152320301440252 30.41530652438809 38.7334595335688 41.11636646486387 36.39763549631928 28.154152360466114 20.24977366358346 14.879817308003437 12.051919379311919 11.348945876565088 12.709312633567839 16.247481279042898 22.106436283632362 30.393976517992904 38.705518156750344
5.843300042386654;70;84;15;11.321320419836287 12.346273872591256 15.30641946103596 20.501591676927994 28.431741487620037 37.287959062833046 41.15191827563699 37.46029887208376 29.570822422849062 21.594940647768347 15.623857722233831 12.213036599907655 11.220852430982294 12.333226642905638 15.358346463122906 20.49669289040955 28.332483850733468 37.31920139956265 41.294612899722466 37.558982047439784 29.555355164271525 21.49140965163484 15.59281992351099 12.267233096313884 11.32133392069482 12.43329635643293 15.434186185842272 20.625665073122065 28.550197345339548 37.48761920940973 41.310171289095095 37.43611343410899 29.458626238188053 21.43229648007261 15.527990150924719 12.191894255446067 11.286594861605348 12.437978454171931 15.4187763059135 20.534407538719538 28.377083261852007 37.30762306328535 41.3410558530736 37.81077710932481 29.782211440275685 21.49588451119537 15.439863971898031 12.120112890801513 11.297178184608821 12.554925590950456 15.572233814420933 20.587390476704446 28.30600596697991 37.33506760850982 41.4774712278557 37.802654992831776 29.689669805466007 21.4308505381238 15.452138952475604 12.161124448765094 11.334539110425267 12.528879734669935 15.488321928385105 20.511624839946276 28.25705117889885 37.38484797409012 41.6707022655993 37.849835093058765 29.570093376488316 21.26848516315675 15.345164224851965 12.167098578665637 11.409691639445336 12.588862699043109 15.448638854901102 20.36548142154872 28.216832796374042 37.54889960628786 41.68857470212436 37.81856035426868 29.619036688839625 21.39965882961369 15.443655688016829 12.180897806171506 11.354230112594632 12.51725954573118 15.433371409029846 20.43487583440476 28.326393613449543 37.54371932686901 41.571746372900925 37.67938810417428 29.523923140479543 21.37248025130231 15.50420568844836 12.266907725623255 11.41946491093687 12.556541643716773 15.478614811100378 20.541046585902798 28.43144851898989 37.58250189308891 41.552888373703 37.573226803277215 29.353423498246784 21.201430111562892 15.414981889622997 12.285501107993944 11.514114029763443 12.679990793964453 15.624208069512743 20.70497249135545 28.663633583856747 37.80232422179773 41.46322512193241 37.33871149022768 29.13525367462231 21.109902391228992 15.369490746798398 12.23444896153989 11.442416370441787 12.619201828336902 15.578963992399288 20.72237003518164 28.772664492234853 37.92393860537088 41.48384768334051 37.24461320642923 29.026541386505563 21.083950028393808 15.411211099834922 12.273552848192855 11.421954469250228 12.528369402217415 15.49044291326053 20.740024770362872 28.933297707052205 38.05762410655775 41.49147971866881 37.131126339692536 28.866421879355364 20.970877638014052 15.362813897211247 12.265341626033507 11.420393770003894 12.505470596060773 15.455820636597362 20.736467969182534 28.957105796030998 38.05047270179319
5.723123412297248;85;84;15;10.054486260659486 11.696865701114268 15.756426702420082 21.539737831119268 28.684835332095876 35.754613905971 38.6229374553658 35.4821638806174 28.744201644755584 21.08103299914717 14.80575902356741 10.982390816983768 9.897838499280867 11.651325955198955 15.789817025742177 21.554073717751795 28.64320104703249 35.78749794709813 38.72094558779521 35.5348860832719 28.70518922641918 20.987084574878427 14.797363514689097 11.06708575281447 10.051526872469204 11.836947909073748 15.973234289418647 21.759399837133024 28.87262957410852 35.922899407404465 38.67858529406425 35.36041043820138 28.54352387096703 20.850366780865198 14.665258964036356 10.942250064395521 9.976486400574952 11.812910980542835 15.956562079217104 21.710256712075438 28.7806880524606 35.821692921588756 38.70059169347191 35.62945149677557 28.771437939237195 20.863847388109704 14.56093445494261 10.864398713754843 9.98752740268267 11.930179437754427 16.117503113608997 21.81725304107273 28.80777955023445 35.874678390984634 38.77054234169948 35.551943067941615 28.618061435880954 20.747910115549395 14.533034255742676 10.881281537349489 10.020730064071165 11.934839934119779 16.09450710127092 21.801052348355427 28.800462759952868 35.909831926431046 38.887265364226366 35.54677223912374 28.4677712287852 20.557261117000095 14.404643791272171 10.866207828798172 10.091902539995912 12.027565180605496 16.14258095833275 21.787076597124248 28.83156333766788 36.02201731040523 38.84686269498259 35.45200431274209 28.45439120293676 20.643451272913254 14.480308002830617 10.879319862604746 10.048478378612609 11.967925138039043 16.116445996385917 21.81124178381122 28.88404421247612 36.01773618816463 38.78448602839164 35.37986247517472 28.421508511895478 20.681736332496232 14.595475726454582 11.012987812675528 10.162097553762921 12.054066015818556 16.194736124928895 21.915415083289403 28.977067490413937 36.04929849524146 38.753577162867785 35.273898286812226 28.256116919488413 20.52076424612972 14.520369100353522 11.047617514810888 10.291478981249696 12.23927889367982 16.409906057787488 22.139682654050358 29.226068549625705 36.23751666421201 38.65765626316747 35.04370864883644 28.02172581433738 20.381253124486157 14.42447385228442 10.95796371364127 10.20075186182676 12.173185440734926 16.366751238531904 22.134742521152656 29.27207745037502 36.30178075082578 38.68116665821562 34.99758971609009 27.964508500834548 20.38840587933657 14.481091052625489 11.004818443177632 10.190238743287654 12.099135931856946 16.282746196572205 22.104115148529196 29.320359220658244 36.35213085263615 38.694697218636705 34.95404404698 27.877776960494245 20.315331132444623 14.44485609841064 10.991733411088122 10.175942684187799 12.064018848728569 16.23652398225808 22.075546656831914 29.310882293011492 36.33786179525336
5.744473127262972;100;84;15;9.742269456498983 11.552626578812692 15.519736401060996 21.534136662435678 29.169212384088613 36.18814132438767 39.28416225327319 36.73208956456835 29.437425840034777 20.7128419730332 13.875001060792325 10.257713334060405 9.644768956350388 11.534719040055444 15.559990560860914 21.54306663655114 29.13638774673902 36.260428971227185 39.43103539307441 36.84130880992298 29.43773635978102 20.617712223642876 13.836518213631846 10.2955346391528 9.726162932269943 11.624191929720729 15.642114933227067 21.673011049838713 29.324479007639376 36.406562263980845 39.484085666591255 36.77298906540611 29.35244603608904 20.543973572032602 13.759827936824946 10.21812476658613 9.686702622951726 11.617139081223455 15.621522073707741 21.602211366370188 29.221290595791125 36.328473298229994 39.53543483193302 37.099100953168055 29.66654891018651 20.626440022401816 13.68116653467233 10.13911099202582 9.672032590070524 11.682481886433951 15.71027671769911 21.61313642985526 29.16280892688674 36.367594735999056 39.6718394060283 37.131385556176355 29.609260717176383 20.572718249933732 13.6894290600941 10.16984569647461 9.695001600691533 11.654805126442728 15.641457441416541 21.56080187060137 29.147453050392098 36.42066256063198 39.81806990496339 37.16137906349172 29.474821868083406 20.385907545465166 13.566167571780017 10.162775296861243 9.757208156464976 11.714441118751623 15.637496289523163 21.501060740356657 29.193648938032084 36.592879512070056 39.86951087614317 37.14775534714677 29.515837476304547 20.500401576248372 13.648478255993915 10.165418764961867 9.700589606038053 11.647055633645186 15.615784208831514 21.541599768271606 29.247703675423722 36.56580489036937 39.777169054039774 37.04109991482743 29.449189138073976 20.49693691842752 13.72212003894422 10.257000488729899 9.771409709555106 11.695272599807456 15.66582244080979 21.629016814703885 29.316277236081 36.578854820226695 39.75708517688712 36.94953979243304 29.284799984412935 20.32414145520134 13.63529061737956 10.279679230892462 9.869493446792296 11.825856953789462 15.81642721790935 21.787060733615473 29.494396762869393 36.71620715459095 39.69372429770916 36.7584405402517 29.06930906864273 20.209612997228877 13.579869593104453 10.237412093085378 9.825299736472651 11.80304590321328 15.820316815252506 21.849005710254854 29.614627308442973 36.81800227783866 39.7129657212894 36.66886774423327 28.944779849712468 20.15626536730287 13.599551144672846 10.265102353935134 9.812382115028944 11.746122233383527 15.77828324229803 21.89857124342377 29.753109664666376 36.90753052102393 39.70878855565951 36.554577576413905 28.76314739953397 20.011836895460377 13.533033764770037 10.25307713924041 9.818622211842575 11.744483229157705 15.773787456406772 21.920363991745152 29.78760300813056 36.90660976247203
6.163810848398218;10;120;15;12.197319575447274 13.358050487418698 16.137763176965496 21.417575312689717 29.25697606506371 37.3056384370811 39.76090051950835 37.6837637324246 31.71601028736488 23.014153048383474 15.248618910444533 12.352118394249892 12.167104654051977 13.395647003216531 16.228442368340644 21.41615535989358 29.069655365664087 37.26684507017438 39.82976569870992 37.80434800049173 31.752636091434244 22.858709901107403 15.210815156468229 12.414921687970462 12.259164983254978 13.508835500979663 16.36864675906984 21.68198962704489 29.409830760237675 37.45548311584528 39.87448054216891 37.782970741091674 31.76943115944843 22.914395879731206 15.199840308567317 12.37016161663539 12.245236822550126 13.50029823308676 16.291814048205424 21.47272564475125 29.08635018980367 37.218594351865775 39.90841765026157 38.090139574246955 32.2825123867667 23.158370569311398 15.181313080403438 12.379559564259726 12.343730985886697 13.755145839085943 16.655098524807293 21.791181533160994 29.202950354517913 37.34712117500746 40.01272933353971 38.15810019592686 32.260387179803956 23.133413894792973 15.240789762581649 12.418956419542843 12.355195914952331 13.671794238679205 16.48904134007459 21.61831215273435 29.059843616725736 37.32263736805912 40.030766480538865 38.15431995553782 32.11740161221711 22.886329619971328 15.112260239268263 12.46131063788746 12.439457473224145 13.710159628370453 16.408013912464185 21.414681066141853 28.96443473708526 37.39239900426724 40.042641835703876 38.163141416502825 32.182820697278316 23.082754285800743 15.221515261898006 12.436103859964721 12.365931122614292 13.651575352941226 16.437430258077296 21.556599053340264 29.15683952228668 37.436611615788834 40.00604640856622 38.053549547452704 31.9727102111547 22.893115488991125 15.209245006620922 12.470573576926475 12.384546106358632 13.655474400885355 16.45957436624198 21.660550601217054 29.267981964939242 37.48753955434439 40.013731097242804 38.018333908057045 31.81280401756931 22.63497236561439 15.092797401608093 12.511027549432669 12.482496860139278 13.773446252826481 16.61073740384185 21.84895862601072 29.53462122078054 37.69544872548431 40.010304579347306 37.89806826025128 31.635238701023667 22.582284590149147 15.068185336503703 12.463716490877916 12.39848506775031 13.680276828095051 16.500390161756844 21.769742338572428 29.542053443402573 37.71398810442087 39.97934981090444 37.79606252361045 31.449713953330303 22.487347565514376 15.09150739457533 12.472560903302428 12.340910656539299 13.550506575882546 16.373672453658493 21.75141340426824 29.695943654425967 37.792048718368804 39.92599441798477 37.62015578753551 31.153491616273023 22.23296101383407 14.993422307252288 12.462049134849178 12.3255304784993 13.485374384065151 16.264559190043336 21.64629335708548 29.63606127144886 37.74333492061254
6.211086073301482;25;120;15;9.28777250460994 11.449606927696093 15.618634915110608 21.402715592746134 28.61154862172497 36.344841739114564 41.5431515545295 39.93873652826756 32.163305881312795 21.81348613278148 13.29520264086497 9.461115427649604 9.272631291765961 11.493156647063746 15.68001859355651 21.354039597393765 28.44240716586056 36.34066727365637 41.705453475461454 40.07850281613739 32.16600335284755 21.67543445394526 13.252369142042456 9.507196557992064 9.340820077955069 11.561766660039062 15.743021699983359 21.484755078464264 28.66037380156412 36.54283587974836 41.843167632834366 40.072827055210404 32.18567275364326 21.695849777174885 13.226527148725772 9.459778842654906 9.332498148755757 11.560234312595645 15.688609189840614 21.342608251713735 28.447560443562338 36.30153908545805 41.827751002476326 40.63809990144286 32.76151542202065 21.928872907835135 13.192865458147178 9.453421288372045 9.40000784176069 11.699213500413036 15.811880128755668 21.323223043990126 28.309501339253924 36.341324765466894 42.07809472206914 40.687951821573385 32.693198377675486 21.87666947566974 13.23447105388618 9.490810565991406 9.403295300813307 11.627591445899164 15.702339562967968 21.252826361148788 28.279309369318135 36.41081098416096 42.35721822179525 40.73231699279639 32.48122342298856 21.5859355751273 13.072466151841946 9.51690367527679 9.480896885571136 11.67110066269122 15.656256407496727 21.134338270129536 28.313051390004993 36.65672102181176 42.34983595234979 40.67465752617663 32.56093991723548 21.799160709314318 13.198640450384373 9.501901521275695 9.411883196925704 11.615932104470666 15.673665089531207 21.22827589371145 28.420959026953213 36.62578650465669 42.18341626956549 40.45730180432165 32.37482788219596 21.696923264188936 13.227687547516624 9.539857834953414 9.419557084915466 11.614814233384191 15.701201440593694 21.32889542970247 28.51493917823951 36.67946726826698 42.23347205265986 40.382099322125015 32.16145896386558 21.43162447483916 13.091759553727535 9.55773972207945 9.498141532174449 11.709189284782555 15.809399346000358 21.441024785113743 28.694987977712167 36.922277508798764 42.1948298953687 40.1892179566174 31.937618104614607 21.336276686583545 13.051273854203787 9.511638340449192 9.445789253043733 11.687679716968889 15.811985435452222 21.49928672754551 28.81670834302479 37.03526754394147 42.2000088247017 40.02890876240482 31.73573639176643 21.249077679016565 13.079251008297355 9.52518645198636 9.401260721432488 11.609312633532276 15.779797363582428 21.592784223139276 29.032430460997354 37.18899506961955 42.21436023732153 39.845796618131175 31.433753913416343 20.997878680035736 12.979859712911312 9.514651732073602 9.405640399940367 11.600146900674696 15.769799302796331 21.620239400289837 29.078284776916473 37.17764219767974
5.875662942913355;40;120;15;11.22597060645189 12.419867052450845 15.661799860010092 21.06459570388409 28.66746276485797 36.72762753082342 40.59423966232896 37.72932237954186 29.949490452705565 21.24882706933006 15.165473198130412 11.998790800815597 11.144999207404396 12.411692282609536 15.701227092224904 21.031569397460174 28.534659544776183 36.721383383752226 40.715010242243835 37.83606826761338 29.93690562742468 21.130684262767765 15.146453188630103 12.05436033453456 11.24459369071135 12.528658320590004 15.818949178283184 21.21106786818691 28.788755152955115 36.912539339539414 40.753155567941 37.72084114021187 29.840354237630905 21.07352331534931 15.082226904420226 11.98528049168232 11.209576513936113 12.518403068448867 15.778876605030526 21.091200158186385 28.595087362437994 36.729919976602204 40.78515935309183 38.11976315803854 30.211573843835136 21.122179734456804 14.991425530275361 11.932991666586705 11.23898948433459 12.644812956972682 15.938649815159371 21.148563280961366 28.535975878483082 36.762895823567355 40.90777010002465 38.08957658844616 30.080552062036684 21.040367906965677 15.004929088979372 11.968718988520742 11.269294861482054 12.622801157221614 15.871435115913368 21.09800813486203 28.510944611721264 36.811322053036875 41.052966433196175 38.0562429687299 29.84423775958772 20.792382956119194 14.875095382731764 11.964760536799071 11.336232118085217 12.687941449554128 15.861469457187749 21.000566532208786 28.517403422443117 36.97219828330781 41.065967759962774 38.03659786947954 29.935410407342225 20.97558353101622 14.984611646974107 11.982184744820863 11.289770263532146 12.627649315520564 15.851006291825213 21.06644987804277 28.61386908178521 36.967679545957054 40.97267952767626 37.93404399798231 29.870608311515944 20.976859868429717 15.060171226878927 12.059759327861627 11.343361921476127 12.66361425256477 15.901018197129353 21.179795998329265 28.72507902873043 37.01997242131022 40.96848211075857 37.829397493412564 29.666084480652998 20.775353141927276 14.971694025530399 12.074255199667762 11.430392505832918 12.788518795362233 16.059332639493782 21.35967907476344 28.96518707242697 37.240796513722145 40.9125116015412 37.62045955685248 29.447404999618932 20.699429545124282 14.933167975622617 12.025391542381795 11.362607395313926 12.72963885113115 16.011500447799683 21.363436026171517 29.040855334242977 37.32447618499122 40.92499179516846 37.53508012749419 29.34162577301833 20.692597266903277 14.985234036552447 12.061178268093373 11.34106812561149 12.650124194719291 15.939031889455835 21.39366090444998 29.19327023895025 37.43764443146655 40.918580237451465 37.39283643208369 29.12635255859196 20.54701227776676 14.927131066729897 12.045330960348155 11.331998248849487 12.622874061857688 15.901773570164234 21.388117789458082 29.21299296813717 37.43013120369333
5.850853377926956;55;120;15;11.44312381542888 12.741566184601513 16.12190709366223 21.603535125549282 29.238399558766183 37.12836541412268 40.219157460498636 36.54018566121847 28.858860386012886 20.84502516618689 15.092858155471488 12.058177027241642 11.319291240798881 12.71424854744725 16.161264796455605 21.59051017228024 29.140351598804106 37.16040430150569 40.358301358790115 36.6337965640239 28.820156462293937 20.714768883067222 15.07465359782653 12.141893150828752 11.462230230423797 12.879584111291404 16.3304514801961 21.82232497610185 29.440587741103045 37.34931911477651 40.33620990397371 36.45102869164284 28.680303431408046 20.632982707207304 14.990431192044458 12.04867647309246 11.409958956444276 12.861152739223103 16.285272882246524 21.705318435545784 29.25608230822887 37.183768887281694 40.38338595394314 36.86229859468315 29.045317367987902 20.663658007878553 14.861769360317453 11.966927424593505 11.439710798391914 13.025379882581754 16.50415420111565 21.84096358634862 29.276949910219326 37.260244500437935 40.497908336529264 36.78914284264001 28.870460661185305 20.55342046026912 14.867484273734178 12.010466343274333 11.481504056064514 13.004727619284889 16.43380797773308 21.785964126381185 29.249146917200825 37.31376865408925 40.66946779615681 36.800638823680266 28.685211331006002 20.331363739473197 14.741403131115623 12.019314805956405 11.5686993508954 13.080390480757481 16.420751972489413 21.68488353607129 29.249164468316916 37.478364370885835 40.65817432799454 36.7246316903151 28.71393440753348 20.481945227591787 14.850140395820652 12.03366486849039 11.511921490337796 13.013042123012008 16.413861809337455 21.757057100656205 29.3540580385978 37.47026520585231 40.54770760331152 36.59007538375289 28.620585083862103 20.47946714500818 14.945290396498772 12.144413761116734 11.596598875052406 13.074183461047253 16.485703252802477 21.88496794712735 29.472833191621596 37.50916657962729 40.521494336385196 36.47201037588789 28.420858445557148 20.28796657980696 14.863772887723647 12.180883630270047 11.716988730756668 13.234411650108639 16.676290147402526 22.091874088858688 29.72973157803184 37.71689483926288 40.41468094402102 36.22227149475734 28.193178617182518 20.210983334369907 14.826446389096459 12.122967647338168 11.624714412945929 13.144057154381194 16.596044419501144 22.063733068094685 29.7810881688458 37.79364857010488 40.43437599644795 36.148767420564056 28.10330306441151 20.217803630578963 14.898175100392738 12.176356792404166 11.602741765684605 13.042812191118665 16.49565203545493 22.0586138800607 29.899919350432505 37.88510878614612 40.43085227237101 36.042514313828974 27.94282409690289 20.10676379445125 14.855924838658819 12.168674803899284 11.59060719403577 12.995646941836062 16.426228595753045 22.011197683570128 29.877960204029712 37.85654501974932
5.844154161940201;70;120;15;11.613299437056867 12.732681269601404 15.671888376548356 20.659865954238292 28.11667397718044 36.400377520687194 40.27748521961575 37.001320985247844 29.34588124362771 21.410401293987114 15.542867421984393 12.316898029553743 11.492262890228908 12.705406835194443 15.71424732019346 20.648123920051283 28.016351797598595 36.43729831851549 40.43279909617137 37.10847999959045 29.330970220421708 21.311649264252573 15.529114097397535 12.393778668465949 11.615774144425838 12.825266107158384 15.80401857883231 20.783812273601423 28.23010110261813 36.5966192498835 40.44559115963073 36.97941449219333 29.22670916536306 21.241647987805504 15.451323500620251 12.305383147311542 11.57002783537498 12.821399461274734 15.781427592250203 20.68719000430036 28.056760879750172 36.41729409642817 40.47160461385077 37.36917077716241 29.554915711326302 21.289106880761185 15.346697247338309 12.22582933840994 11.581364506284554 12.946470064632145 15.94628252553061 20.751585724284816 27.997106998803723 36.45149582134806 40.61250902409488 37.34947977499305 29.444538767352523 21.21559673118157 15.359519012686437 12.270363270364598 11.62312266172497 12.92347405229407 15.864559803705792 20.678806646194722 27.9519398765839 36.50322301072873 40.815372924401274 37.39390975033701 29.304240545656526 21.034526591760944 15.245733776976179 12.278295024752326 11.7050283201829 12.990910165620003 15.830318926296163 20.537221792680597 27.916563914493167 36.66968319608863 40.82791792214949 37.353741996031694 29.35627555461173 21.175746922094696 15.349414295117935 12.29248982741319 11.646815318363311 12.915805564647721 15.813043227718227 20.605728524088143 28.024558969500383 36.664577171391706 40.7092291746203 37.21248791355161 29.27088059926613 21.171530603975057 15.43692483499555 12.40200879182724 11.729914452715496 12.966819908697886 15.864281686020028 20.711683261849664 28.121252793351672 36.69233628661998 40.686044150262774 37.10159726191068 29.094404802004043 21.002855265251473 15.360798219032374 12.438439508490811 11.843012494726459 13.105959756731812 16.02040156383003 20.8786315032455 28.346189584793997 36.90401489746212 40.59417755837971 36.86389034590411 28.873299891734646 20.911365684842927 15.312766889674922 12.381101362304115 11.76157936631716 13.03380306822006 15.962808926460003 20.883189393086006 28.442741312109234 37.02226081683145 40.62578306820383 36.780047314246794 28.774526935669385 20.898470339815795 15.365564697137204 12.426183429115184 11.741126915726573 12.937575699031063 15.866316265400846 20.891690546182335 28.59212358646869 37.151204816501775 40.64316407347832 36.67494313057281 28.614890084211716 20.784002973228194 15.315971993490491 12.415690561863878 11.735557811581998 12.90860825696415 15.824421751289254 20.880637730823402 28.6090536630682 37.14133838908637
5.739602742715611;85;120;15;10.19595365670438 11.920776089786678 15.888309838992896 21.414439400774125 28.266017099050153 35.20850282825345 38.24906358037411 35.29857920629513 28.597495578078693 20.91543349351871 14.690026289013867 10.9789777999468 10.033364167485695 11.868988146542613 15.912910428367534 21.41897096394049 28.214898123346366 35.23668857061134 38.35344681820248 35.360257878499965 28.564515680855983 20.826779768444872 14.689464653298923 11.072658907216605 10.194814184244253 12.057123960276122 16.09214580111362 21.616256984544272 28.43716613257832 35.37235599783076 38.31533794482334 35.186160257468345 28.40159272043155 20.688309900515613 14.555057531223497 10.945278306964317 10.117335457299067 12.030804036567396 16.07319802120646 21.564696530766476 28.342054271825553 35.26585042504112 38.33475622965035 35.46323162669755 28.634247615175333 20.697314973156658 14.445034984786192 10.863546809581456 10.125394119756999 12.14349097743605 16.227539160904833 21.665648187877387 28.364409330904806 35.31833501258545 38.41158286512843 35.38851652549393 28.480441446996302 20.58261842949547 14.419987516994135 10.883316116730308 10.161221348044174 12.150279209106094 16.20542812984355 21.64863541851937 28.355431597502285 35.35254213784875 38.532971784364086 35.38416249861726 28.32510866923873 20.387537774132944 14.291290583034947 10.870580756876786 10.23635092560474 12.246860300788637 16.25601449667824 21.635628691409348 28.385779164832663 35.46657983961356 38.49157005158892 35.28593700236548 28.311407660478686 20.476003837273183 14.367817499453606 10.883309366301042 10.191629331716483 12.185114124291143 16.226793238470922 21.656319094631566 28.43573639165975 35.46166957736536 38.42848458992502 35.21389237097955 28.282646106504394 20.522898394342214 14.492693015405225 11.02582712913975 10.31198813544612 12.274731473142724 16.30570575659224 21.759695505934882 28.5284079722328 35.49377191878348 38.397277355427605 35.10438420725232 28.112839733357266 20.36191922002497 14.422780169581543 11.068492542273537 10.449769797111696 12.464743906212226 16.520596896722143 21.981689785260095 28.776492998193152 35.6880357722048 38.304400899326325 34.870392727513845 27.87287074850361 20.220029247108016 14.325495683169466 10.977661466239901 10.35841623785286 12.397640589049114 16.47465009992208 21.97219935675481 28.818063154178503 35.751994739415736 38.33157812755185 34.827025269736374 27.818319179517978 20.23117218069765 14.38536659041682 11.026283458158142 10.348648366704738 12.324005556528075 16.39020763014593 21.93963359836758 28.864275917891653 35.802798470072794 38.347517241135094 34.78458397085423 27.73098685097299 20.15793812367502 14.349382752170671 11.01329833242177 10.334726281386226 12.290289862515351 16.346221833047686 21.913159427350116 28.85658549135019 35.78886963432502
5.724328468278934;100;120;15;11.194162583749781 12.259134606323281 15.202080100997827 20.45015678113455 28.32178880812564 36.58486000210186 40.30161125381298 36.99226190917267 28.92791322714806 20.682471116721853 14.9175616582022 11.886059982156711 11.113983685098134 12.247730431121044 15.243095709218967 20.45851820034507 28.283582728565072 36.66294086733759 40.45829006716622 37.09793582907672 28.919055313865016 20.59338620797864 14.885088043174449 11.9171497591849 11.178760804336129 12.31667931564552 15.307708117982868 20.585695612676446 28.500614429815272 36.84563988534014 40.51194652923115 37.00109282073865 28.814742280501022 20.521510843606556 14.820135412775533 11.853121937595448 11.149125069771868 12.31654970740361 15.292228033589728 20.513562888188588 28.38132590664578 36.751240532396416 40.57783881938391 37.347898824458916 29.115951497178674 20.58457166620363 14.748452604398265 11.787993796035614 11.142151876339934 12.38352746658237 15.383628845853426 20.52995259292534 28.3214377858038 36.79491850992013 40.719388570665856 37.37067207263121 29.049973814095694 20.53417127369522 14.75779114824506 11.81729335922242 11.165555614605683 12.359582343889477 15.31778920904894 20.475612649897208 28.301257039991174 36.85141420253441 40.868207184181585 37.385219247699766 28.91012584603175 20.371284090545903 14.659186277868525 11.81569215740049 11.21963060328512 12.40625481183565 15.299905971837049 20.397794713881396 28.337815677289335 37.03973362794396 40.92805378988359 37.37349645223617 28.950793132102756 20.473828848963628 14.729982079840221 11.819647908950454 11.173634528351414 12.351651939587601 15.28910663509706 20.45054661842467 28.408500434699604 37.015550890140894 40.82605480367203 37.26415029881133 28.887887231857338 20.46823004293028 14.787204118643539 11.889529702799512 11.224650222487432 12.384172807620214 15.329476902280355 20.54061590851562 28.49491301725708 37.04437252293566 40.80562395445509 37.16335288900915 28.727603014233047 20.317705258417526 14.713416526421083 11.902518878793442 11.296226374082293 12.48145729403229 15.451386954655353 20.688223495021006 28.695018017122404 37.213219660084064 40.73621334056881 36.95021483535966 28.5157239156417 20.222484715753577 14.670713310883405 11.865692586974877 11.251553383284753 12.451578544014449 15.443376895288138 20.740795838145797 28.82281376877456 37.32968076595542 40.75197964316284 36.84823880060761 28.393123294352772 20.179055491548326 14.691554586199723 11.891114703591205 11.238442699564033 12.394851986719267 15.398263776502443 20.78898343994076 28.977861003374173 37.435326334056555 40.73621469065466 36.70854946763142 28.20856183291569 20.053767861890005 14.639384568659194 11.882825176452371 11.24261716502222 12.388752298834373 15.387766858993578 20.80546663812285 29.012047877349673 37.43402485129404
